,Unnamed: 0,conversation id,turn,score distilbert,score roberta,distilbert_input_score,distilbert_output_score,roberta_input_score,roberta_output_score,distilbert_input_label,distilbert_output_label,roberta_input_label,roberta_output_label
0,0,0,0,"(0.02695441246032715, 0.008131146430969238)","(0.9262145224891102, 0.015989898649342773)",0.02695441246032715,0.008131146430969238,0.9262145224891102,0.015989898649342773,0,0,1,0
1,1,0,1,"(0.0009216964244842529, 0.00038635730743408203)","(0.005881141075840398, 0.0052268378898257676)",0.0009216964244842529,0.00038635730743408203,0.005881141075840398,0.0052268378898257676,0,0,0,0
2,2,0,2,"(0.9785951375961304, 0.0008040368556976318)","(0.9773104707416262, 0.005952600913600947)",0.9785951375961304,0.0008040368556976318,0.9773104707416262,0.005952600913600947,1,0,1,0
3,3,0,3,"(0.0005368292331695557, 0.0005058944225311279)","(0.006326259662639421, 0.005889538469878219)",0.0005368292331695557,0.0005058944225311279,0.006326259662639421,0.005889538469878219,0,0,0,0
4,4,0,4,"(0.0020222067832946777, 0.0005455613136291504)","(0.1444856281535537, 0.005851929814890665)",0.0020222067832946777,0.0005455613136291504,0.1444856281535537,0.005851929814890665,0,0,0,0
5,5,0,5,"(0.7844370901584625, 0.0008724629878997803)","(0.036798778624149577, 0.007068525807598465)",0.7844370901584625,0.0008724629878997803,0.036798778624149577,0.007068525807598465,1,0,0,0
6,6,0,6,"(0.0026755034923553467, 0.0011230409145355225)","(0.005864726702957132, 0.005176556371624379)",0.0026755034923553467,0.0011230409145355225,0.005864726702957132,0.005176556371624379,0,0,0,0
7,7,0,7,"(0.1200590431690216, 0.0005955696105957031)","(0.7471214594973733, 0.28557010721870746)",0.1200590431690216,0.0005955696105957031,0.7471214594973733,0.28557010721870746,0,0,1,0
8,8,0,8,"(0.8371228277683258, 0.04999905824661255)","(0.9504023802678194, 0.8386164960887169)",0.8371228277683258,0.04999905824661255,0.9504023802678194,0.8386164960887169,1,0,1,1
9,9,0,9,"(0.07558345794677734, 0.0012658238410949707)","(0.04842601490286359, 0.007229405725988799)",0.07558345794677734,0.0012658238410949707,0.04842601490286359,0.007229405725988799,0,0,0,0
10,10,1,0,"(0.02834567427635193, 0.0025603175163269043)","(0.3261047824573897, 0.027270543686252306)",0.02834567427635193,0.0025603175163269043,0.3261047824573897,0.027270543686252306,0,0,0,0
11,11,1,1,"(0.0008255839347839355, 0.0008437633514404297)","(0.009719209891028611, 0.005698513058146139)",0.0008255839347839355,0.0008437633514404297,0.009719209891028611,0.005698513058146139,0,0,0,0
12,12,1,2,"(0.9807842969894409, 0.0025285184383392334)","(0.9731443619729832, 0.038161590932064796)",0.9807842969894409,0.0025285184383392334,0.9731443619729832,0.038161590932064796,1,0,1,0
13,13,1,3,"(0.981795072555542, 0.0006549060344696045)","(0.9722927581469525, 0.005278897065323742)",0.981795072555542,0.0006549060344696045,0.9722927581469525,0.005278897065323742,1,0,1,0
14,14,1,4,"(0.00101509690284729, 0.00116807222366333)","(0.09146454821059646, 0.009193163997268064)",0.00101509690284729,0.00116807222366333,0.09146454821059646,0.009193163997268064,0,0,0,0
15,15,1,5,"(0.0006320178508758545, 0.0006629824638366699)","(0.005417788577604036, 0.005251233866452015)",0.0006320178508758545,0.0006629824638366699,0.005417788577604036,0.005251233866452015,0,0,0,0
16,16,1,6,"(0.0005621612071990967, 0.000644385814666748)","(0.005288455485286557, 0.005803263766626113)",0.0005621612071990967,0.000644385814666748,0.005288455485286557,0.005803263766626113,0,0,0,0
17,17,1,7,"(0.17222878336906433, 0.0005623400211334229)","(0.4951698298966766, 0.015638759555493487)",0.17222878336906433,0.0005623400211334229,0.4951698298966766,0.015638759555493487,0,0,0,0
18,18,1,8,"(0.0005532205104827881, 0.0004488229751586914)","(0.006335447664875522, 0.005040841819511346)",0.0005532205104827881,0.0004488229751586914,0.006335447664875522,0.005040841819511346,0,0,0,0
19,19,1,9,"(0.0009909868240356445, 0.0008959770202636719)","(0.005442608890580902, 0.005413519897237975)",0.0009909868240356445,0.0008959770202636719,0.005442608890580902,0.005413519897237975,0,0,0,0
20,20,2,0,"(0.02821287512779236, 0.7589870989322662)","(0.017418907400208294, 0.9433677797786459)",0.02821287512779236,0.7589870989322662,0.017418907400208294,0.9433677797786459,0,1,0,1
21,21,2,1,"(0.0007410943508148193, 0.0006636381149291992)","(0.005262821472749406, 0.010760207483144126)",0.0007410943508148193,0.0006636381149291992,0.005262821472749406,0.010760207483144126,0,0,0,0
22,22,2,2,"(0.0006676912307739258, 0.002699136734008789)","(0.005396442769056604, 0.026789582066627196)",0.0006676912307739258,0.002699136734008789,0.005396442769056604,0.026789582066627196,0,0,0,0
23,23,2,3,"(0.018431782722473145, 0.0014484226703643799)","(0.03400984844805682, 0.023120367987704275)",0.018431782722473145,0.0014484226703643799,0.03400984844805682,0.023120367987704275,0,0,0,0
24,24,2,4,"(0.0006935000419616699, 0.0008053779602050781)","(0.00558575180544631, 0.005191800902272524)",0.0006935000419616699,0.0008053779602050781,0.00558575180544631,0.005191800902272524,0,0,0,0
25,25,2,5,"(0.9790960252285004, 0.006638377904891968)","(0.9122892973881809, 0.09670658471607503)",0.9790960252285004,0.006638377904891968,0.9122892973881809,0.09670658471607503,1,0,1,0
26,26,2,6,"(0.8391914367675781, 0.0006476044654846191)","(0.7341220165931898, 0.006421515688204723)",0.8391914367675781,0.0006476044654846191,0.7341220165931898,0.006421515688204723,1,0,1,0
27,27,2,7,"(0.0011583566665649414, 0.00044021010398864746)","(0.005156430034085421, 0.005333323290722511)",0.0011583566665649414,0.00044021010398864746,0.005156430034085421,0.005333323290722511,0,0,0,0
28,28,2,8,"(0.0005995631217956543, 0.000844419002532959)","(0.005500523631233158, 0.004991930820860641)",0.0005995631217956543,0.000844419002532959,0.005500523631233158,0.004991930820860641,0,0,0,0
29,29,2,9,"(0.11990204453468323, 0.8319892287254333)","(0.7066573863116777, 0.17972127761671833)",0.11990204453468323,0.8319892287254333,0.7066573863116777,0.17972127761671833,0,1,1,0
30,30,3,0,"(0.041142404079437256, 0.006477177143096924)","(0.8378986670380733, 0.07997845313220506)",0.041142404079437256,0.006477177143096924,0.8378986670380733,0.07997845313220506,0,0,1,0
31,31,3,1,"(0.0007419288158416748, 0.00045758485794067383)","(0.0061432751371369755, 0.005075568321974913)",0.0007419288158416748,0.00045758485794067383,0.0061432751371369755,0.005075568321974913,0,0,0,0
32,32,3,2,"(0.0012773871421813965, 0.0019651055335998535)","(0.00671183445666357, 0.0054178373965477755)",0.0012773871421813965,0.0019651055335998535,0.00671183445666357,0.0054178373965477755,0,0,0,0
33,33,3,3,"(0.8365382552146912, 0.0005382001399993896)","(0.07283885567646474, 0.00522859602419539)",0.8365382552146912,0.0005382001399993896,0.07283885567646474,0.00522859602419539,1,0,0,0
34,34,3,4,"(0.0228099524974823, 0.0029506683349609375)","(0.03610856327720937, 0.09896869446917601)",0.0228099524974823,0.0029506683349609375,0.03610856327720937,0.09896869446917601,0,0,0,0
35,35,3,5,"(0.005024164915084839, 0.0007798373699188232)","(0.06233577380828778, 0.013842835186200173)",0.005024164915084839,0.0007798373699188232,0.06233577380828778,0.013842835186200173,0,0,0,0
36,36,3,6,"(0.000697404146194458, 0.0004062950611114502)","(0.004992077667258286, 0.005441135273331344)",0.000697404146194458,0.0004062950611114502,0.004992077667258286,0.005441135273331344,0,0,0,0
37,37,3,7,"(0.006510019302368164, 0.001289963722229004)","(0.024724713029330783, 0.007113617681349801)",0.006510019302368164,0.001289963722229004,0.024724713029330783,0.007113617681349801,0,0,0,0
38,38,3,8,"(0.0034478604793548584, 0.0008498728275299072)","(0.016170637275615362, 0.009510264913573587)",0.0034478604793548584,0.0008498728275299072,0.016170637275615362,0.009510264913573587,0,0,0,0
39,39,3,9,"(0.01566329598426819, 0.0004271268844604492)","(0.08531112070210255, 0.005020725925146301)",0.01566329598426819,0.0004271268844604492,0.08531112070210255,0.005020725925146301,0,0,0,0
40,40,4,0,"(0.012703031301498413, 0.0006423592567443848)","(0.09419755375760142, 0.09033730696302146)",0.012703031301498413,0.0006423592567443848,0.09419755375760142,0.09033730696302146,0,0,0,0
41,41,4,1,"(0.9399089515209198, 0.0004934072494506836)","(0.03316877366903929, 0.0071027206915417725)",0.9399089515209198,0.0004934072494506836,0.03316877366903929,0.0071027206915417725,1,0,0,0
42,42,4,2,"(0.9534924924373627, 0.899038165807724)","(0.9564738554032649, 0.8950837577599761)",0.9534924924373627,0.899038165807724,0.9564738554032649,0.8950837577599761,1,1,1,1
43,43,4,3,"(0.028574436902999878, 0.011528372764587402)","(0.8729730321037752, 0.16240460235109969)",0.028574436902999878,0.011528372764587402,0.8729730321037752,0.16240460235109969,0,0,1,0
44,44,4,4,"(0.0005913674831390381, 0.0003968775272369385)","(0.005153429539495047, 0.005229997497440846)",0.0005913674831390381,0.0003968775272369385,0.005153429539495047,0.005229997497440846,0,0,0,0
45,45,4,5,"(0.9533269107341766, 0.7709885537624359)","(0.9610379119107697, 0.8812058507488741)",0.9533269107341766,0.7709885537624359,0.9610379119107697,0.8812058507488741,1,1,1,1
46,46,4,6,"(0.9712243676185608, 0.9592679440975189)","(0.9188452371035951, 0.9213883115008246)",0.9712243676185608,0.9592679440975189,0.9188452371035951,0.9213883115008246,1,1,1,1
47,47,4,7,"(0.003160804510116577, 0.9713041484355927)","(0.9808454515411748, 0.4116198310044118)",0.003160804510116577,0.9713041484355927,0.9808454515411748,0.4116198310044118,0,1,1,0
48,48,4,8,"(0.965225875377655, 0.0004209280014038086)","(0.9289808063945941, 0.0056848206166013136)",0.965225875377655,0.0004209280014038086,0.9289808063945941,0.0056848206166013136,1,0,1,0
49,49,4,9,"(0.0004399120807647705, 0.00037783384323120117)","(0.0052078830235348945, 0.005383418597718107)",0.0004399120807647705,0.00037783384323120117,0.0052078830235348945,0.005383418597718107,0,0,0,0
50,50,5,0,"(0.022237569093704224, 0.022701561450958252)","(0.3070577583835212, 0.11002683929232983)",0.022237569093704224,0.022701561450958252,0.3070577583835212,0.11002683929232983,0,0,0,0
51,51,5,1,"(0.9821968078613281, 0.9803356230258942)","(0.9736432216225752, 0.349565924767439)",0.9821968078613281,0.9803356230258942,0.9736432216225752,0.349565924767439,1,1,1,0
52,52,5,2,"(0.9800806641578674, 0.9790880084037781)","(0.9602357492003579, 0.9607141004889501)",0.9800806641578674,0.9790880084037781,0.9602357492003579,0.9607141004889501,1,1,1,1
53,53,5,3,"(0.9735487997531891, 0.00039255619049072266)","(0.8955661003805913, 0.00501837300973645)",0.9735487997531891,0.00039255619049072266,0.8955661003805913,0.00501837300973645,1,0,1,0
54,54,5,4,"(0.9495491087436676, 0.7669378817081451)","(0.941544436372158, 0.8761394878783434)",0.9495491087436676,0.7669378817081451,0.941544436372158,0.8761394878783434,1,1,1,1
55,55,5,5,"(0.977481871843338, 0.016252845525741577)","(0.9663419335199394, 0.00552744530056587)",0.977481871843338,0.016252845525741577,0.9663419335199394,0.00552744530056587,1,0,1,0
56,56,5,6,"(0.9735822677612305, 0.0010883212089538574)","(0.9726626344589642, 0.006662338837008317)",0.9735822677612305,0.0010883212089538574,0.9726626344589642,0.006662338837008317,1,0,1,0
57,57,5,7,"(0.050844788551330566, 0.04132223129272461)","(0.8672124778945436, 0.26827733364053397)",0.050844788551330566,0.04132223129272461,0.8672124778945436,0.26827733364053397,0,0,1,0
58,58,5,8,"(0.07490897178649902, 0.02268943190574646)","(0.9196779209718433, 0.22124370156275647)",0.07490897178649902,0.02268943190574646,0.9196779209718433,0.22124370156275647,0,0,1,0
59,59,5,9,"(0.022661954164505005, 0.0014390051364898682)","(0.9283018567308643, 0.13427024553938796)",0.022661954164505005,0.0014390051364898682,0.9283018567308643,0.13427024553938796,0,0,1,0
60,60,6,0,"(0.0020178556442260742, 0.0009760260581970215)","(0.9167983626722634, 0.005657308472120209)",0.0020178556442260742,0.0009760260581970215,0.9167983626722634,0.005657308472120209,0,0,1,0
61,61,6,1,"(0.0011944174766540527, 0.00042724609375)","(0.18842206986613316, 0.009493202570734199)",0.0011944174766540527,0.00042724609375,0.18842206986613316,0.009493202570734199,0,0,0,0
62,62,6,2,"(0.004258066415786743, 0.0005365908145904541)","(0.005611004685562631, 0.007952573338074986)",0.004258066415786743,0.0005365908145904541,0.005611004685562631,0.007952573338074986,0,0,0,0
63,63,6,3,"(0.22747117280960083, 0.10378029942512512)","(0.928171275926483, 0.9472918004945025)",0.22747117280960083,0.10378029942512512,0.928171275926483,0.9472918004945025,0,0,1,1
64,64,6,4,"(0.07186850905418396, 0.0031837522983551025)","(0.8892708430366812, 0.005562336651391811)",0.07186850905418396,0.0031837522983551025,0.8892708430366812,0.005562336651391811,0,0,1,0
65,65,6,5,"(0.0006383359432220459, 0.00039711594581604004)","(0.017872200662232027, 0.0062864666751969505)",0.0006383359432220459,0.00039711594581604004,0.017872200662232027,0.0062864666751969505,0,0,0,0
66,66,6,6,"(0.0011855065822601318, 0.0004475414752960205)","(0.004992084772838156, 0.005089089912216694)",0.0011855065822601318,0.0004475414752960205,0.004992084772838156,0.005089089912216694,0,0,0,0
67,67,6,7,"(0.0010589659214019775, 0.00047788023948669434)","(0.04084077501522037, 0.005247620902597454)",0.0010589659214019775,0.00047788023948669434,0.04084077501522037,0.005247620902597454,0,0,0,0
68,68,6,8,"(0.0034915804862976074, 0.00040224194526672363)","(0.913083247101981, 0.008352152240907131)",0.0034915804862976074,0.00040224194526672363,0.913083247101981,0.008352152240907131,0,0,1,0
69,69,6,9,"(0.001039355993270874, 0.0005476474761962891)","(0.007375506769922131, 0.006292194474862876)",0.001039355993270874,0.0005476474761962891,0.007375506769922131,0.006292194474862876,0,0,0,0
70,70,7,0,"(0.974356085062027, 0.9834535121917725)","(0.9624767538020089, 0.9804132297158836)",0.974356085062027,0.9834535121917725,0.9624767538020089,0.9804132297158836,1,1,1,1
71,71,7,1,"(0.0006056129932403564, 0.0004881620407104492)","(0.005172201965897545, 0.005194207603369873)",0.0006056129932403564,0.0004881620407104492,0.005172201965897545,0.005194207603369873,0,0,0,0
72,72,7,2,"(0.0006849765777587891, 0.0006990134716033936)","(0.007026555085635414, 0.005063336249589853)",0.0006849765777587891,0.0006990134716033936,0.007026555085635414,0.005063336249589853,0,0,0,0
73,73,7,3,"(0.09002870321273804, 0.0029558539390563965)","(0.9369651110979119, 0.14051913983461098)",0.09002870321273804,0.0029558539390563965,0.9369651110979119,0.14051913983461098,0,0,1,0
74,74,7,4,"(0.0015107393264770508, 0.00043335556983947754)","(0.02024450189219856, 0.005643966019763243)",0.0015107393264770508,0.00043335556983947754,0.02024450189219856,0.005643966019763243,0,0,0,0
75,75,7,5,"(0.00704619288444519, 0.0010400712490081787)","(0.05618044212487159, 0.0049136033581526194)",0.00704619288444519,0.0010400712490081787,0.05618044212487159,0.0049136033581526194,0,0,0,0
76,76,7,6,"(0.0006935000419616699, 0.0005155205726623535)","(0.00558575180544631, 0.00859052388273159)",0.0006935000419616699,0.0005155205726623535,0.00558575180544631,0.00859052388273159,0,0,0,0
77,77,7,7,"(0.0013039112091064453, 0.000376284122467041)","(0.00493543445551845, 0.00509198308262797)",0.0013039112091064453,0.000376284122467041,0.00493543445551845,0.00509198308262797,0,0,0,0
78,78,7,8,"(0.0004964768886566162, 0.0005828440189361572)","(0.0064515463449348305, 0.0061950712498421425)",0.0004964768886566162,0.0005828440189361572,0.0064515463449348305,0.0061950712498421425,0,0,0,0
79,79,7,9,"(0.007292330265045166, 0.0026206672191619873)","(0.07606075116230158, 0.01918356465764902)",0.007292330265045166,0.0026206672191619873,0.07606075116230158,0.01918356465764902,0,0,0,0
80,80,8,0,"(0.1708076000213623, 0.06094616651535034)","(0.965619416163867, 0.18827600481285137)",0.1708076000213623,0.06094616651535034,0.965619416163867,0.18827600481285137,0,0,1,0
81,81,8,1,"(0.9608515501022339, 0.8568207025527954)","(0.9077294430051677, 0.920634319856496)",0.9608515501022339,0.8568207025527954,0.9077294430051677,0.920634319856496,1,1,1,1
82,82,8,2,"(0.9400296807289124, 0.001149505376815796)","(0.9491773588001171, 0.019529763888777796)",0.9400296807289124,0.001149505376815796,0.9491773588001171,0.019529763888777796,1,0,1,0
83,83,8,3,"(0.000505596399307251, 0.0005467534065246582)","(0.0049718793883794295, 0.005262808991255437)",0.000505596399307251,0.0005467534065246582,0.0049718793883794295,0.005262808991255437,0,0,0,0
84,84,8,4,"(0.001454174518585205, 0.0004482567310333252)","(0.09788278855553413, 0.009286236387464477)",0.001454174518585205,0.0004482567310333252,0.09788278855553413,0.009286236387464477,0,0,0,0
85,85,8,5,"(0.002083003520965576, 0.0010160505771636963)","(0.018926313499253042, 0.01622935186347386)",0.002083003520965576,0.0010160505771636963,0.018926313499253042,0.01622935186347386,0,0,0,0
86,86,8,6,"(0.012252628803253174, 0.001511216163635254)","(0.038253102643094596, 0.009593663401945753)",0.012252628803253174,0.001511216163635254,0.038253102643094596,0.009593663401945753,0,0,0,0
87,87,8,7,"(0.0007027685642242432, 0.0009413957595825195)","(0.006068990859202223, 0.0063489191140458255)",0.0007027685642242432,0.0009413957595825195,0.006068990859202223,0.0063489191140458255,0,0,0,0
88,88,8,8,"(0.9679560363292694, 0.0004628896713256836)","(0.6280948036659656, 0.00535900655051521)",0.9679560363292694,0.0004628896713256836,0.6280948036659656,0.00535900655051521,1,0,1,0
89,89,8,9,"(0.0008959770202636719, 0.0009248852729797363)","(0.005224597059412846, 0.0048999923419584075)",0.0008959770202636719,0.0009248852729797363,0.005224597059412846,0.0048999923419584075,0,0,0,0
90,90,9,0,"(0.0014749765396118164, 0.0015600323677062988)","(0.007971438986464381, 0.14658678124935062)",0.0014749765396118164,0.0015600323677062988,0.007971438986464381,0.14658678124935062,0,0,0,0
91,91,9,1,"(0.19486653804779053, 0.0008160769939422607)","(0.9156302319413444, 0.005995107796951425)",0.19486653804779053,0.0008160769939422607,0.9156302319413444,0.005995107796951425,0,0,1,0
92,92,9,2,"(0.0006712675094604492, 0.0003718435764312744)","(0.0053015327596396674, 0.00506721000829643)",0.0006712675094604492,0.0003718435764312744,0.0053015327596396674,0.00506721000829643,0,0,0,0
93,93,9,3,"(0.000981062650680542, 0.0009887218475341797)","(0.005431238010659012, 0.008852060423315164)",0.000981062650680542,0.0009887218475341797,0.005431238010659012,0.008852060423315164,0,0,0,0
94,94,9,4,"(0.9738088250160217, 0.9447546303272247)","(0.9456268479521026, 0.9683541160570527)",0.9738088250160217,0.9447546303272247,0.9456268479521026,0.9683541160570527,1,1,1,1
95,95,9,5,"(0.7893836200237274, 0.0012480318546295166)","(0.9594094782839481, 0.021020913631061375)",0.7893836200237274,0.0012480318546295166,0.9594094782839481,0.021020913631061375,1,0,1,0
96,96,9,6,"(0.0004584193229675293, 0.0006146132946014404)","(0.007178295503426465, 0.004957625511238305)",0.0004584193229675293,0.0006146132946014404,0.007178295503426465,0.004957625511238305,0,0,0,0
97,97,9,7,"(0.9628231823444366, 0.0003777146339416504)","(0.9298200922060673, 0.005745139860642757)",0.9628231823444366,0.0003777146339416504,0.9298200922060673,0.005745139860642757,1,0,1,0
98,98,9,8,"(0.0007446706295013428, 0.0003896355628967285)","(0.006075811632299644, 0.005251470501026379)",0.0007446706295013428,0.0003896355628967285,0.006075811632299644,0.005251470501026379,0,0,0,0
99,99,9,9,"(0.0007250607013702393, 0.0008440017700195312)","(0.017404247604914193, 0.004954493285430141)",0.0007250607013702393,0.0008440017700195312,0.017404247604914193,0.004954493285430141,0,0,0,0
100,100,10,0,"(0.005080163478851318, 0.9429832100868225)","(0.012134422678304658, 0.9173635688877214)",0.005080163478851318,0.9429832100868225,0.012134422678304658,0.9173635688877214,0,1,0,1
101,101,10,1,"(0.0691131055355072, 0.022458642721176147)","(0.6942712075238597, 0.061569004296535286)",0.0691131055355072,0.022458642721176147,0.6942712075238597,0.061569004296535286,0,0,1,0
102,102,10,2,"(0.0024276673793792725, 0.0004986822605133057)","(0.01948025521980739, 0.005122044817589825)",0.0024276673793792725,0.0004986822605133057,0.01948025521980739,0.005122044817589825,0,0,0,0
103,103,10,3,"(0.0005130767822265625, 0.0008183419704437256)","(0.005249958713253061, 0.005056873736116181)",0.0005130767822265625,0.0008183419704437256,0.005249958713253061,0.005056873736116181,0,0,0,0
104,104,10,4,"(0.017147451639175415, 0.00042814016342163086)","(0.016284960532309097, 0.0069520004114723985)",0.017147451639175415,0.00042814016342163086,0.016284960532309097,0.0069520004114723985,0,0,0,0
105,105,10,5,"(0.0011629164218902588, 0.0004844069480895996)","(0.012762023061541804, 0.008943337625147721)",0.0011629164218902588,0.0004844069480895996,0.012762023061541804,0.008943337625147721,0,0,0,0
106,106,10,6,"(0.00205838680267334, 0.001066446304321289)","(0.028737281321084936, 0.004952074918663362)",0.00205838680267334,0.001066446304321289,0.028737281321084936,0.004952074918663362,0,0,0,0
107,107,10,7,"(0.002831190824508667, 0.000701218843460083)","(0.05413875293169952, 0.005150486977297912)",0.002831190824508667,0.000701218843460083,0.05413875293169952,0.005150486977297912,0,0,0,0
108,108,10,8,"(0.0008018910884857178, 0.0005488395690917969)","(0.0073609322904088425, 0.005079116444364026)",0.0008018910884857178,0.0005488395690917969,0.0073609322904088425,0.005079116444364026,0,0,0,0
109,109,10,9,"(0.013013005256652832, 0.0008995532989501953)","(0.04172814311786826, 0.02096866987501869)",0.013013005256652832,0.0008995532989501953,0.04172814311786826,0.02096866987501869,0,0,0,0
110,110,11,0,"(0.9731642603874207, 0.008482515811920166)","(0.9235204425195602, 0.0852636166813465)",0.9731642603874207,0.008482515811920166,0.9235204425195602,0.0852636166813465,1,0,1,0
111,111,11,1,"(0.0007229149341583252, 0.002245306968688965)","(0.007273722270223936, 0.02372804072789503)",0.0007229149341583252,0.002245306968688965,0.007273722270223936,0.02372804072789503,0,0,0,0
112,112,11,2,"(0.0007040202617645264, 0.00041362643241882324)","(0.00502172171975113, 0.005496784411426998)",0.0007040202617645264,0.00041362643241882324,0.00502172171975113,0.005496784411426998,0,0,0,0
113,113,11,3,"(0.0005604326725006104, 0.0007223784923553467)","(0.005170040844760414, 0.005063302619432749)",0.0005604326725006104,0.0007223784923553467,0.005170040844760414,0.005063302619432749,0,0,0,0
114,114,11,4,"(0.00811314582824707, 0.0004850625991821289)","(0.1442125453711543, 0.00533456038991268)",0.00811314582824707,0.0004850625991821289,0.1442125453711543,0.00533456038991268,0,0,0,0
115,115,11,5,"(0.031111687421798706, 0.00418621301651001)","(0.08198475763377829, 0.028261966775003092)",0.031111687421798706,0.00418621301651001,0.08198475763377829,0.028261966775003092,0,0,0,0
116,116,11,6,"(0.0020561516284942627, 0.0004311800003051758)","(0.026086664395179458, 0.007385134132840965)",0.0020561516284942627,0.0004311800003051758,0.026086664395179458,0.007385134132840965,0,0,0,0
117,117,11,7,"(0.0035170912742614746, 0.9725370407104492)","(0.9759214444098322, 0.9363219896446981)",0.0035170912742614746,0.9725370407104492,0.9759214444098322,0.9363219896446981,0,1,1,1
118,118,11,8,"(0.0010271966457366943, 0.0007548332214355469)","(0.015003546351092741, 0.005582224956040592)",0.0010271966457366943,0.0007548332214355469,0.015003546351092741,0.005582224956040592,0,0,0,0
119,119,11,9,"(0.0015604496002197266, 0.002492278814315796)","(0.010108477994731547, 0.05638438810454143)",0.0015604496002197266,0.002492278814315796,0.010108477994731547,0.05638438810454143,0,0,0,0
120,120,12,0,"(0.9693467915058136, 0.0014114975929260254)","(0.8420828792784463, 0.007346560264675279)",0.9693467915058136,0.0014114975929260254,0.8420828792784463,0.007346560264675279,1,0,1,0
121,121,12,1,"(0.015080451965332031, 0.0004246234893798828)","(0.09642859045077383, 0.0075536263680854405)",0.015080451965332031,0.0004246234893798828,0.09642859045077383,0.0075536263680854405,0,0,0,0
122,122,12,2,"(0.07339602708816528, 0.0005689263343811035)","(0.08487220626742689, 0.0054208907342968215)",0.07339602708816528,0.0005689263343811035,0.08487220626742689,0.0054208907342968215,0,0,0,0
123,123,12,3,"(0.041187673807144165, 0.004144549369812012)","(0.1628976507194551, 0.11730710277950832)",0.041187673807144165,0.004144549369812012,0.1628976507194551,0.11730710277950832,0,0,0,0
124,124,12,4,"(0.0029622316360473633, 0.0019881129264831543)","(0.10846205665471607, 0.009164719698986048)",0.0029622316360473633,0.0019881129264831543,0.10846205665471607,0.009164719698986048,0,0,0,0
125,125,12,5,"(0.0006162524223327637, 0.0004957616329193115)","(0.012418158349537951, 0.004818808699128612)",0.0006162524223327637,0.0004957616329193115,0.012418158349537951,0.004818808699128612,0,0,0,0
126,126,12,6,"(0.0004214644432067871, 0.0005130767822265625)","(0.005217437276781655, 0.00508077452543815)",0.0004214644432067871,0.0005130767822265625,0.005217437276781655,0.00508077452543815,0,0,0,0
127,127,12,7,"(0.0005497336387634277, 0.0009146928787231445)","(0.006176875720212332, 0.0067768820913342125)",0.0005497336387634277,0.0009146928787231445,0.006176875720212332,0.0067768820913342125,0,0,0,0
128,128,12,8,"(0.0011619031429290771, 0.0008384883403778076)","(0.004858367208857685, 0.005041389512737407)",0.0011619031429290771,0.0008384883403778076,0.004858367208857685,0.005041389512737407,0,0,0,0
129,129,12,9,"(0.0004501938819885254, 0.0009562075138092041)","(0.005352178846550189, 0.005204166422484887)",0.0004501938819885254,0.0009562075138092041,0.005352178846550189,0.005204166422484887,0,0,0,0
130,130,13,0,"(0.9712267518043518, 0.15111610293388367)","(0.9504753458974027, 0.3569607317024813)",0.9712267518043518,0.15111610293388367,0.9504753458974027,0.3569607317024813,1,0,1,0
131,131,13,1,"(0.9755359888076782, 0.890599399805069)","(0.9092875827970137, 0.8742958244938915)",0.9755359888076782,0.890599399805069,0.9092875827970137,0.8742958244938915,1,1,1,1
132,132,13,2,"(0.9762156307697296, 0.0008438229560852051)","(0.9730064335733073, 0.006639477078855487)",0.9762156307697296,0.0008438229560852051,0.9730064335733073,0.006639477078855487,1,0,1,0
133,133,13,3,"(0.0005048215389251709, 0.0003789663314819336)","(0.005463335664548578, 0.005265156029780835)",0.0005048215389251709,0.0003789663314819336,0.005463335664548578,0.005265156029780835,0,0,0,0
134,134,13,4,"(0.0011900365352630615, 0.0005083978176116943)","(0.006431636390124322, 0.005357834963802823)",0.0011900365352630615,0.0005083978176116943,0.006431636390124322,0.005357834963802823,0,0,0,0
135,135,13,5,"(0.003031015396118164, 0.00042045116424560547)","(0.05049758063168346, 0.00611895513832736)",0.003031015396118164,0.00042045116424560547,0.05049758063168346,0.00611895513832736,0,0,0,0
136,136,13,6,"(0.0017715394496917725, 0.0011458992958068848)","(0.02204168764777167, 0.017141912172565894)",0.0017715394496917725,0.0011458992958068848,0.02204168764777167,0.017141912172565894,0,0,0,0
137,137,13,7,"(0.012076407670974731, 0.00039124488830566406)","(0.025977601120212995, 0.005860130178066956)",0.012076407670974731,0.00039124488830566406,0.025977601120212995,0.005860130178066956,0,0,0,0
138,138,13,8,"(0.0013539493083953857, 0.0006376802921295166)","(0.16477074189135607, 0.00702330869809169)",0.0013539493083953857,0.0006376802921295166,0.16477074189135607,0.00702330869809169,0,0,0,0
139,139,13,9,"(0.0017757415771484375, 0.003088533878326416)","(0.0112148685483276, 0.015420576974069856)",0.0017757415771484375,0.003088533878326416,0.0112148685483276,0.015420576974069856,0,0,0,0
140,140,14,0,"(0.9807936549186707, 0.0038406848907470703)","(0.9721591068068448, 0.09237197044810472)",0.9807936549186707,0.0038406848907470703,0.9721591068068448,0.09237197044810472,1,0,1,0
141,141,14,1,"(0.1101241409778595, 0.0007196366786956787)","(0.8677836124466525, 0.0058066183856134755)",0.1101241409778595,0.0007196366786956787,0.8677836124466525,0.0058066183856134755,0,0,1,0
142,142,14,2,"(0.7879551351070404, 0.0021652579307556152)","(0.8733891852065693, 0.05793986830105674)",0.7879551351070404,0.0021652579307556152,0.8733891852065693,0.05793986830105674,1,0,1,0
143,143,14,3,"(0.0037674307823181152, 0.00047203898429870605)","(0.02201803351488145, 0.8825193328497576)",0.0037674307823181152,0.00047203898429870605,0.02201803351488145,0.8825193328497576,0,0,0,1
144,144,14,4,"(0.001232147216796875, 0.0017953217029571533)","(0.024295667576556084, 0.054706740128471404)",0.001232147216796875,0.0017953217029571533,0.024295667576556084,0.054706740128471404,0,0,0,0
145,145,14,5,"(0.9830436110496521, 0.0006399154663085938)","(0.9766173360036584, 0.004870039521455739)",0.9830436110496521,0.0006399154663085938,0.9766173360036584,0.004870039521455739,1,0,1,0
146,146,14,6,"(0.001551806926727295, 0.0008696019649505615)","(0.009574653022167603, 0.006930763550475128)",0.001551806926727295,0.0008696019649505615,0.009574653022167603,0.006930763550475128,0,0,0,0
147,147,14,7,"(0.0006901025772094727, 0.0006286203861236572)","(0.006687077585307493, 0.005233878922983621)",0.0006901025772094727,0.0006286203861236572,0.006687077585307493,0.005233878922983621,0,0,0,0
148,148,14,8,"(0.0004845261573791504, 0.0004190802574157715)","(0.00557068552760563, 0.005681802650880638)",0.0004845261573791504,0.0004190802574157715,0.00557068552760563,0.005681802650880638,0,0,0,0
149,149,14,9,"(0.0006528794765472412, 0.000387728214263916)","(0.006683176572356555, 0.00489711477166456)",0.0006528794765472412,0.000387728214263916,0.006683176572356555,0.00489711477166456,0,0,0,0
150,150,15,0,"(0.0038318932056427, 0.8045791387557983)","(0.015546201941197052, 0.9576314742010408)",0.0038318932056427,0.8045791387557983,0.015546201941197052,0.9576314742010408,0,1,0,1
151,151,15,1,"(0.1252060830593109, 0.0025332868099212646)","(0.9474789066457218, 0.01768200953393422)",0.1252060830593109,0.0025332868099212646,0.9474789066457218,0.01768200953393422,0,0,1,0
152,152,15,2,"(0.0005513429641723633, 0.0003902316093444824)","(0.005224770540902752, 0.005044822912365907)",0.0005513429641723633,0.0003902316093444824,0.005224770540902752,0.005044822912365907,0,0,0,0
153,153,15,3,"(0.0028592348098754883, 0.0005204081535339355)","(0.005809674719707395, 0.0051074450217359554)",0.0028592348098754883,0.0005204081535339355,0.005809674719707395,0.0051074450217359554,0,0,0,0
154,154,15,4,"(0.0006292164325714111, 0.0027210116386413574)","(0.005026481853042226, 0.009129307405210358)",0.0006292164325714111,0.0027210116386413574,0.005026481853042226,0.009129307405210358,0,0,0,0
155,155,15,5,"(0.0009074509143829346, 0.00048154592514038086)","(0.005453524966812426, 0.005086029473335965)",0.0009074509143829346,0.00048154592514038086,0.005453524966812426,0.005086029473335965,0,0,0,0
156,156,15,6,"(0.0006493926048278809, 0.0015021562576293945)","(0.005422811512373202, 0.011589417067936359)",0.0006493926048278809,0.0015021562576293945,0.005422811512373202,0.011589417067936359,0,0,0,0
157,157,15,7,"(0.0008776187896728516, 0.0004113614559173584)","(0.005698599515707526, 0.005361688689417286)",0.0008776187896728516,0.0004113614559173584,0.005698599515707526,0.005361688689417286,0,0,0,0
158,158,15,8,"(0.0009221136569976807, 0.0004894137382507324)","(0.03139558631978759, 0.010465055895482864)",0.0009221136569976807,0.0004894137382507324,0.03139558631978759,0.010465055895482864,0,0,0,0
159,159,15,9,"(0.00697895884513855, 0.0017024576663970947)","(0.13475535893339016, 0.008071610455843722)",0.00697895884513855,0.0017024576663970947,0.13475535893339016,0.008071610455843722,0,0,0,0
160,160,16,0,"(0.0013947784900665283, 0.03983527421951294)","(0.10114492261422953, 0.7321192968350649)",0.0013947784900665283,0.03983527421951294,0.10114492261422953,0.7321192968350649,0,0,0,1
161,161,16,1,"(0.002249389886856079, 0.012021839618682861)","(0.7471951454523678, 0.9149024585517278)",0.002249389886856079,0.012021839618682861,0.7471951454523678,0.9149024585517278,0,0,1,1
162,162,16,2,"(0.002547740936279297, 0.025903910398483276)","(0.8782680138504747, 0.6844858599255139)",0.002547740936279297,0.025903910398483276,0.8782680138504747,0.6844858599255139,0,0,1,1
163,163,16,3,"(0.9446773529052734, 0.2416655719280243)","(0.9487023745821956, 0.7816473727216008)",0.9446773529052734,0.2416655719280243,0.9487023745821956,0.7816473727216008,1,0,1,1
164,164,16,4,"(0.0008659958839416504, 0.0010991394519805908)","(0.006286419014953105, 0.04610081069059926)",0.0008659958839416504,0.0010991394519805908,0.006286419014953105,0.04610081069059926,0,0,0,0
165,165,16,5,"(0.0009282827377319336, 0.0015342235565185547)","(0.016421052205276027, 0.04400001251038925)",0.0009282827377319336,0.0015342235565185547,0.016421052205276027,0.04400001251038925,0,0,0,0
166,166,16,6,"(0.0005797445774078369, 0.0006317794322967529)","(0.0052799488018006905, 0.0051181172145477625)",0.0005797445774078369,0.0006317794322967529,0.0052799488018006905,0.0051181172145477625,0,0,0,0
167,167,16,7,"(0.0008052587509155273, 0.0004184246063232422)","(0.005182612939520575, 0.005028514082124204)",0.0008052587509155273,0.0004184246063232422,0.005182612939520575,0.005028514082124204,0,0,0,0
168,168,16,8,"(0.8483162224292755, 0.004482537508010864)","(0.8780128188442514, 0.11588758578198204)",0.8483162224292755,0.004482537508010864,0.8780128188442514,0.11588758578198204,1,0,1,0
169,169,16,9,"(0.000567018985748291, 0.00037729740142822266)","(0.005393919848350394, 0.005247924585164137)",0.000567018985748291,0.00037729740142822266,0.005393919848350394,0.005247924585164137,0,0,0,0
170,170,17,0,"(0.11731168627738953, 0.8387472331523895)","(0.8517338075350472, 0.7468831666117758)",0.11731168627738953,0.8387472331523895,0.8517338075350472,0.7468831666117758,0,1,1,1
171,171,17,1,"(0.0006080567836761475, 0.0004451572895050049)","(0.008354115298123443, 0.007306221744279466)",0.0006080567836761475,0.0004451572895050049,0.008354115298123443,0.007306221744279466,0,0,0,0
172,172,17,2,"(0.00137367844581604, 0.000885695219039917)","(0.007520184201460488, 0.005353326352062247)",0.00137367844581604,0.000885695219039917,0.007520184201460488,0.005353326352062247,0,0,0,0
173,173,17,3,"(0.0005874335765838623, 0.00039693713188171387)","(0.004941590137361998, 0.004873962701454948)",0.0005874335765838623,0.00039693713188171387,0.004941590137361998,0.004873962701454948,0,0,0,0
174,174,17,4,"(0.008580237627029419, 0.0005329549312591553)","(0.0920528846100966, 0.005046247199289889)",0.008580237627029419,0.0005329549312591553,0.0920528846100966,0.005046247199289889,0,0,0,0
175,175,17,5,"(0.0011959671974182129, 0.0004265904426574707)","(0.005120630826692211, 0.00514216204418994)",0.0011959671974182129,0.0004265904426574707,0.005120630826692211,0.00514216204418994,0,0,0,0
176,176,17,6,"(0.00413098931312561, 0.0006168484687805176)","(0.025769111036890918, 0.020348325780504318)",0.00413098931312561,0.0006168484687805176,0.025769111036890918,0.020348325780504318,0,0,0,0
177,177,17,7,"(0.009574353694915771, 0.0006282031536102295)","(0.09943363608472372, 0.029303426752915966)",0.009574353694915771,0.0006282031536102295,0.09943363608472372,0.029303426752915966,0,0,0,0
178,178,17,8,"(0.0046904683113098145, 0.0007010400295257568)","(0.1138783249390558, 0.044899129232742134)",0.0046904683113098145,0.0007010400295257568,0.1138783249390558,0.044899129232742134,0,0,0,0
179,179,17,9,"(0.0023665428161621094, 0.0006349384784698486)","(0.004995724151618648, 0.005156251471939289)",0.0023665428161621094,0.0006349384784698486,0.004995724151618648,0.005156251471939289,0,0,0,0
180,180,18,0,"(0.0765119194984436, 0.0026955604553222656)","(0.41555416727648414, 0.022083344252674643)",0.0765119194984436,0.0026955604553222656,0.41555416727648414,0.022083344252674643,0,0,0,0
181,181,18,1,"(0.0012813210487365723, 0.0005904734134674072)","(0.005673589467027551, 0.005273874143882991)",0.0012813210487365723,0.0005904734134674072,0.005673589467027551,0.005273874143882991,0,0,0,0
182,182,18,2,"(0.0015304088592529297, 0.0010387003421783447)","(0.013734509163415747, 0.006063309821774452)",0.0015304088592529297,0.0010387003421783447,0.013734509163415747,0.006063309821774452,0,0,0,0
183,183,18,3,"(0.0032533109188079834, 0.0005450844764709473)","(0.20166789628450935, 0.008375038181808271)",0.0032533109188079834,0.0005450844764709473,0.20166789628450935,0.008375038181808271,0,0,0,0
184,184,18,4,"(0.0009004771709442139, 0.0005129575729370117)","(0.015348152290073138, 0.005594461904794768)",0.0009004771709442139,0.0005129575729370117,0.015348152290073138,0.005594461904794768,0,0,0,0
185,185,18,5,"(0.001039057970046997, 0.0007601678371429443)","(0.005202337490699382, 0.005360732627104089)",0.001039057970046997,0.0007601678371429443,0.005202337490699382,0.005360732627104089,0,0,0,0
186,186,18,6,"(0.0025531649589538574, 0.9686818420886993)","(0.008588379891533882, 0.961031751568111)",0.0025531649589538574,0.9686818420886993,0.008588379891533882,0.961031751568111,0,1,0,1
187,187,18,7,"(0.9801105260848999, 0.0020175576210021973)","(0.977269005912336, 0.0054444469518478795)",0.9801105260848999,0.0020175576210021973,0.977269005912336,0.0054444469518478795,1,0,1,0
188,188,18,8,"(0.0007672905921936035, 0.0006993114948272705)","(0.00534747713844477, 0.00521710070285828)",0.0007672905921936035,0.0006993114948272705,0.00534747713844477,0.00521710070285828,0,0,0,0
189,189,18,9,"(0.00043341517448425293, 0.00037741661071777344)","(0.005438240809969048, 0.005122443331906768)",0.00043341517448425293,0.00037741661071777344,0.005438240809969048,0.005122443331906768,0,0,0,0
190,190,19,0,"(0.9749526977539062, 0.0052430033683776855)","(0.8453684177683154, 0.10149915480243081)",0.9749526977539062,0.0052430033683776855,0.8453684177683154,0.10149915480243081,1,0,1,0
191,191,19,1,"(0.9777050018310547, 0.03825104236602783)","(0.9750165034782502, 0.9039895974115452)",0.9777050018310547,0.03825104236602783,0.9750165034782502,0.9039895974115452,1,0,1,1
192,192,19,2,"(0.0008866488933563232, 0.000391542911529541)","(0.005059316618628645, 0.004847831411887264)",0.0008866488933563232,0.000391542911529541,0.005059316618628645,0.004847831411887264,0,0,0,0
193,193,19,3,"(0.004870951175689697, 0.009639710187911987)","(0.17652619983799947, 0.19289813330815095)",0.004870951175689697,0.009639710187911987,0.17652619983799947,0.19289813330815095,0,0,0,0
194,194,19,4,"(0.0006935000419616699, 0.0005593001842498779)","(0.00558575180544631, 0.005015873644271907)",0.0006935000419616699,0.0005593001842498779,0.00558575180544631,0.005015873644271907,0,0,0,0
195,195,19,5,"(0.002318441867828369, 0.0004051029682159424)","(0.005202219039438264, 0.005284333281095906)",0.002318441867828369,0.0004051029682159424,0.005202219039438264,0.005284333281095906,0,0,0,0
196,196,19,6,"(0.9654506742954254, 0.19160231947898865)","(0.9438628535130057, 0.9236915591700486)",0.9654506742954254,0.19160231947898865,0.9438628535130057,0.9236915591700486,1,0,1,1
197,197,19,7,"(0.001956164836883545, 0.0007336139678955078)","(0.04320455827407509, 0.005803849791617211)",0.001956164836883545,0.0007336139678955078,0.04320455827407509,0.005803849791617211,0,0,0,0
198,198,19,8,"(0.0006704926490783691, 0.0006326735019683838)","(0.005609613403531768, 0.004962042660713492)",0.0006704926490783691,0.0006326735019683838,0.005609613403531768,0.004962042660713492,0,0,0,0
199,199,19,9,"(0.0019333958625793457, 0.0004691183567047119)","(0.005733105231230577, 0.005766252044506672)",0.0019333958625793457,0.0004691183567047119,0.005733105231230577,0.005766252044506672,0,0,0,0
